worker_id,location_type,industry_sector,age,experience_years,average_daily_work_hours,break_frequency_per_day,task_completion_rate,late_task_ratio,calendar_scheduled_usage,focus_time_minutes,tool_usage_frequency,automated_task_count,AI_assisted_planning,real_time_feedback_score,productivity_label,productivity_score
W0003,Village,Retail,30,8,7.38,2,67.0041702415159,0.3518351263345311,41.36706446795942,92.0,4,4,0,81,Low,25.69
W0004,Village,Finance,54,19,8.37,1,66.00442403890295,0.3478396008915655,51.0868047095759,94.0,17,9,1,84,Low,31.98
W0005,City,Education,46,1,7.51,4,91.46894163912933,0.0855822907123903,93.61834425234504,202.0,14,8,0,64,High,48.19
W0009,Village,Finance,52,13,8.81,1,78.34912499132201,0.1622820635026496,71.68673446002978,137.0,0,3,1,70,Medium,38.28
W0010,Village,IT,32,8,8.36,4,81.04111367786699,0.1344877556292449,69.80297169198305,121.0,12,5,1,82,Medium,41.38
W0012,Village,IT,55,33,7.88,5,73.34532050293726,0.3311479353292125,50.742745392768086,113.0,9,5,1,68,Low,32.69
W0013,City,Education,59,26,6.41,1,81.32294593726373,0.2285094919758846,77.93780093267692,163.0,2,2,0,82,Medium,38.17
W0015,Town,Education,59,9,7.18,3,71.39062016373006,0.2553649364522403,45.318571624087554,106.0,7,4,1,80,Low,31.37
W0018,Town,Finance,55,24,7.93,2,90.67240634052035,0.0464689468445165,96.4147168163146,230.0,5,10,0,64,High,47.12
W0019,Town,Retail,39,21,8.6,5,72.1299836405826,0.2549984799159263,56.47083417620924,100.0,12,14,1,63,Low,34.82
W0020,Town,Education,34,13,8.79,3,79.24507365406028,0.2046985707246688,75.01493817489218,159.0,19,10,1,68,Medium,42.6
W0021,City,Finance,44,11,7.23,3,82.17220505281654,0.1202861786869752,70.84883985519359,174.0,19,14,1,92,Medium,43.49
W0022,City,Healthcare,40,19,9.45,1,63.238881984802106,0.2704556657544187,35.70396818870518,117.0,11,0,0,64,Low,25.66
W0023,Town,Finance,32,11,7.18,3,79.05832951347404,0.1021772641791413,70.92194171933762,176.0,12,6,1,55,Medium,41.35
W0025,City,Finance,45,1,7.03,1,88.78218735016716,0.1446631230508366,71.3943838547539,162.0,15,13,1,86,Medium,44.53
W0027,City,Finance,46,12,8.75,3,82.6103380487581,0.1980666884434234,67.35395022676285,123.0,18,2,1,83,Medium,41.92
W0028,Village,IT,42,8,11.25,1,80.44085206558374,0.1623984411962862,74.1867483309461,145.0,12,11,0,87,Medium,39.81
W0029,Village,Education,36,8,7.07,2,82.69471221548449,0.2331726460503728,61.98855204425003,173.0,16,14,1,75,Medium,40.15
W0034,Town,Healthcare,42,5,6.21,5,80.71147643088017,0.1486831164596389,74.85205485756155,142.0,18,14,0,55,Medium,41.36
W0035,Village,Healthcare,40,8,5.89,5,71.24386324510745,0.2566218343131183,58.77067342383578,83.0,6,12,0,63,Low,31.8
W0036,Town,IT,50,25,7.4,5,79.09224265176772,0.2216630869300387,61.66393589490732,135.0,9,1,0,77,Medium,35.7
W0037,Village,Education,46,27,8.3,2,87.32910808450409,0.161936678438382,70.21238131979146,120.0,9,10,1,73,Medium,42.47
W0038,Village,Education,54,23,8.06,1,69.51616114402461,0.3413543417060374,52.30042566163026,85.0,19,9,1,62,Low,33.74
W0039,City,Retail,53,30,7.93,3,91.21264893359135,0.0113761958804549,88.21921216071806,212.0,8,11,0,92,High,46.58
W0040,Village,Education,56,23,7.54,2,81.10742227710044,0.2457926267889708,60.713494081140865,174.0,16,1,0,61,Medium,37.29
W0041,City,Finance,59,20,8.44,2,99.40397033945544,0.0260666382562101,97.06692995217448,206.0,14,3,1,68,High,53.86
W0042,Village,Education,47,18,4.0,1,96.2854403087886,0.0095040240651619,81.89907294836662,215.0,1,14,0,70,High,45.46
W0044,City,Education,56,2,7.39,2,94.45106663717992,0.0113135937674023,87.02757933516217,185.0,18,3,0,68,High,49.3
W0045,City,Finance,29,4,8.35,4,87.44379516433945,0.1072486613283095,70.70186103268799,173.0,16,5,0,73,Medium,42.57
W0051,Town,Healthcare,42,20,8.2,5,85.68630661297095,0.1879689268562196,64.96365751661807,158.0,6,2,1,93,Medium,40.08
W0055,Town,Finance,27,2,7.03,1,75.50249851664505,0.2372286708881139,66.68831506753568,128.0,3,1,1,66,Medium,36.27
W0056,Village,Finance,49,29,8.76,3,85.60456671012344,0.2097557909084727,73.47443337209369,124.0,5,10,1,53,Medium,41.33
W0057,Village,Education,50,10,6.58,1,62.95409368390536,0.3532439497640882,36.37195975320151,79.0,4,7,0,93,Low,23.46
W0058,City,Retail,47,2,7.8,4,66.75934130659718,0.2984606602608627,54.33016180354797,113.0,11,12,1,94,Low,32.16
W0059,Village,Healthcare,46,11,5.51,5,96.59763640453085,0.0136982222309527,93.7373298746982,200.0,3,10,1,78,High,50.27
W0060,Village,IT,33,13,9.68,5,78.83616492539767,0.1472261733113103,62.219278046945085,153.0,8,4,1,53,Medium,38.29
W0062,City,Finance,55,14,10.8,2,91.04480316753958,0.0720267923947395,93.74566008826255,208.0,18,6,0,74,High,49.03
W0063,Town,Healthcare,58,18,9.11,2,88.87479112234722,0.1152928824370416,67.6882555403619,171.0,13,13,1,80,Medium,43.72
W0064,Town,Healthcare,36,9,6.14,5,85.5915401689343,0.1386048187602451,73.17668690388008,146.0,4,1,1,52,Medium,41.79
W0065,Town,IT,57,28,8.3,5,75.79076793604875,0.2009282556714536,76.01770199162635,155.0,17,13,0,96,Medium,39.4
W0066,Town,Finance,36,3,6.4,4,63.09732947729357,0.3515610568987672,52.394968000905024,61.0,9,5,0,51,Low,27.72
W0067,Town,Retail,44,20,9.39,2,86.24568760877979,0.1408003860596484,73.73592506339949,161.0,18,9,0,74,Medium,42.88
W0068,Town,Healthcare,27,6,6.18,5,94.9786918051432,0.0841808709028819,96.02704116540497,208.0,11,2,1,98,High,51.14
W0070,City,Retail,44,2,5.57,5,92.27632535819392,0.0524436345857749,96.12193495921495,223.0,16,2,0,75,High,49.68
W0072,Town,Healthcare,36,3,6.67,3,90.98968623408707,0.0271381395079584,97.1021884399488,189.0,2,14,1,84,High,48.92
W0073,Town,Retail,46,16,5.99,1,82.4686986626881,0.1079134922248136,68.68183814806673,177.0,16,11,1,76,Medium,42.67
W0074,Town,Retail,57,30,9.89,5,90.4097822224989,0.0705063284205379,89.01973005296688,216.0,0,11,1,74,High,46.31
W0075,Town,Retail,32,2,8.14,3,84.9053194656926,0.1046762363667881,76.5337371193526,178.0,14,2,1,67,Medium,44.61
W0076,Town,Healthcare,36,17,7.99,3,66.14658084349607,0.2669195378299865,50.47059089576992,71.0,8,4,1,50,Low,30.9
W0078,Village,Education,42,1,7.81,5,63.282776094964376,0.3220972042468613,46.00303327249088,82.0,2,13,0,88,Low,25.4
W0079,Village,Finance,34,15,6.6,2,91.22628049978006,0.0433463699733123,87.93455200936772,200.0,18,7,0,52,High,48.2
W0081,Village,Retail,40,21,6.53,4,71.48387603676116,0.2813982724070525,36.985463847459,70.0,11,10,0,90,Low,28.26
W0082,City,Education,55,31,9.31,5,80.80785590422232,0.2099085123119959,73.03164922664283,142.0,19,6,0,86,Medium,40.61
W0085,City,Healthcare,48,24,8.74,2,97.77680376274893,0.0738801383268189,97.85929183409657,215.0,12,9,0,87,High,50.66
W0086,Town,Retail,50,28,7.84,4,69.25018350352812,0.3925909557369809,51.16067399577,69.0,0,10,0,99,Low,27.11
W0087,Village,IT,49,21,7.98,1,63.21583241506988,0.2859563617363667,40.80554800373531,111.0,9,14,1,68,Low,28.11
W0088,City,IT,56,18,8.29,4,95.85863050527922,0.0976078332472518,90.64608727696331,208.0,14,2,1,96,High,50.8
W0089,Town,IT,29,9,7.96,2,87.78822577865826,0.1613838220287693,74.21644061337668,120.0,6,5,0,75,Medium,40.82
W0091,City,IT,57,34,6.25,5,60.663818905961186,0.3701757254942987,47.52704085340143,110.0,15,11,1,59,Low,29.05
W0092,City,Education,51,32,7.79,5,94.27914690187784,0.0197473583685683,92.53317278182682,229.0,13,3,0,87,High,49.29
W0093,City,Retail,39,3,5.32,2,81.99465776798267,0.1457821795193288,78.50110905873137,136.0,17,11,0,63,Medium,42.3
W0094,Village,Healthcare,23,3,5.01,3,81.75819742467496,0.1496524389242342,74.0657581380826,128.0,6,1,0,98,Medium,39.1
W0097,City,Healthcare,47,23,9.46,2,78.96615139196783,0.1000364401651769,62.41178509580935,145.0,11,4,0,79,Medium,37.43
W0098,Village,Education,46,11,10.4,4,86.74443058776085,0.1048484897989135,69.88347577891548,131.0,7,3,1,54,Medium,42.41
W0099,City,Finance,51,32,9.08,4,96.08571593173974,0.0970904711449869,87.47211319068118,201.0,1,11,1,80,High,47.63
W0102,Village,Finance,52,34,5.66,2,90.36207261487384,0.0551141336194733,94.1736167702381,185.0,17,8,1,80,High,50.87
W0104,City,Finance,34,7,9.05,5,63.38243446856056,0.3508300995347668,35.706004552478014,118.0,8,2,1,73,Low,26.3
W0105,Village,Retail,52,4,8.58,2,88.20228993504031,0.2192609321771746,63.44375485547949,129.0,8,2,1,83,Medium,40.61
W0106,Village,IT,28,1,5.96,4,72.1790138735579,0.2689292636539355,49.658952636386545,118.0,13,4,1,72,Low,33.55
W0107,City,IT,57,1,8.24,2,73.47898731173025,0.2689983809270791,42.19827686948577,100.0,7,4,1,97,Low,31.24
W0108,Village,Retail,41,20,8.13,3,73.12838316908751,0.2636877488678572,30.565576780705086,90.0,18,9,1,94,Low,31.05
W0116,Town,Healthcare,49,11,5.72,3,64.69011997940774,0.2810923783824603,40.95610789337293,75.0,11,14,0,54,Low,27.02
W0117,City,Education,30,5,6.83,4,97.57734944502292,0.0582400964867939,93.77999969977137,195.0,1,1,1,66,High,49.73
W0118,Village,IT,47,8,5.62,3,75.92249031044761,0.1286933735044771,67.74070016061563,137.0,10,5,1,56,Medium,39.1
W0120,Town,Finance,36,12,7.93,4,91.27033575973232,0.005853660008005,86.10826997085502,189.0,15,13,0,96,High,47.62
W0121,City,Retail,31,1,7.07,1,86.35159358707179,0.2471479454198024,77.60440783426853,148.0,19,2,1,64,Medium,44.82
W0123,Town,Retail,29,4,7.58,3,84.64103073170146,0.2467981122006947,73.80548430930551,177.0,3,3,0,62,Medium,38.36
W0124,Village,Retail,45,5,5.78,1,98.04304712955516,0.0163114675116678,84.98407541182574,194.0,14,11,1,60,High,51.13
W0126,City,Finance,47,24,9.46,4,97.61458833436158,0.0423386749067461,80.09008961960578,203.0,6,1,1,75,High,48.16
W0127,Village,Finance,48,3,6.7,3,66.32616662513189,0.3695421256023469,47.12235699012885,91.0,11,1,0,71,Low,27.86
W0128,City,Retail,58,11,7.83,1,67.6723009612079,0.355410744893438,52.98839876764179,63.0,9,14,0,77,Low,29.17
W0129,Village,Education,25,4,8.39,1,60.68813680214595,0.2507971253732293,39.51402085008407,115.0,4,6,0,73,Low,24.45
W0130,Town,Healthcare,45,26,8.21,3,75.34197636116886,0.1617621501385364,66.3260546922851,124.0,11,12,1,78,Medium,38.5
W0132,City,Healthcare,57,27,6.09,4,71.16923321092051,0.3882186604324795,58.37667304104801,77.0,9,6,0,91,Low,30.98
W0133,City,Finance,31,6,6.21,4,62.859340687978104,0.287080767839595,58.88657309067085,107.0,5,13,1,53,Low,30.81
W0134,Town,Finance,46,15,6.11,3,78.52540582812784,0.2471544233672614,71.6604514213312,172.0,11,11,1,98,Medium,39.69
W0137,Town,Healthcare,57,6,6.26,5,93.65093920231806,0.0611494852719199,93.92062813978228,233.0,1,13,1,92,High,48.56
W0138,Village,Retail,31,4,8.84,5,98.15487765580136,0.0494754240435703,82.67521390154005,208.0,9,0,0,65,High,47.37
W0139,Village,Finance,54,18,7.54,3,82.28917495227756,0.2113301513681698,69.68497469007481,150.0,14,13,0,82,Medium,39.37
W0141,Village,Education,56,29,5.4,2,73.66428220534291,0.3810333364340633,39.55196394399231,109.0,16,2,1,88,Low,31.44
W0142,Village,Education,55,13,5.67,4,71.15587447480972,0.2691352227046426,56.19573269427402,101.0,3,7,1,59,Low,32.54
W0143,Town,Healthcare,54,17,6.7,1,61.04314646546096,0.326558908202306,58.11374189460047,109.0,6,5,1,58,Low,29.92
W0146,Village,Retail,43,4,8.46,1,77.9087888121562,0.1030420472341871,69.10890017391493,141.0,6,7,0,52,Medium,37.42
W0147,Village,Education,58,5,6.49,1,78.00796448994997,0.1060495241577269,63.82159430921717,157.0,1,4,0,63,Medium,35.37
W0148,Village,IT,36,13,7.99,3,88.90415745026225,0.2137453925815777,75.07901587085604,142.0,5,7,1,74,Medium,42.61
W0149,City,IT,56,34,9.48,2,94.76753875508328,0.0270674605965289,80.58341337148148,197.0,17,7,0,64,High,47.76
W0150,City,Finance,49,22,9.75,3,73.24098504737339,0.3894787750750841,41.06104496971734,84.0,5,5,1,51,Low,29.32
W0152,City,Finance,53,3,8.65,4,62.585117442511766,0.3011641474881102,45.7626497506772,96.0,18,7,0,63,Low,28.56
W0157,Village,Retail,34,11,7.14,2,95.75785210889411,0.0163624000210233,82.49839621481267,195.0,5,5,0,73,High,46.14
W0158,City,Education,46,4,3.99,5,94.6775823095758,0.0968072502909678,95.0597238607837,226.0,17,7,0,76,High,49.94
W0159,City,IT,23,1,7.35,3,70.23709553822545,0.3807977644367435,32.84367760831127,112.0,4,0,0,86,Low,24.68
W0160,Village,Finance,56,28,8.85,3,71.62045757079305,0.2573910480374157,54.72072768361432,76.0,17,1,0,87,Low,33.29
W0162,Village,IT,42,13,8.36,3,94.70473319677156,0.052780736355883,99.99415275643662,203.0,2,11,1,76,High,50.37
W0166,City,Healthcare,45,18,7.68,5,69.64941627946833,0.3411564712340507,45.605974963615665,109.0,11,7,1,50,Low,30.85
W0167,Town,IT,40,22,7.71,4,80.4338631340315,0.1256140425175578,64.30990494418441,154.0,15,11,1,53,Medium,40.8
W0169,City,Retail,47,19,7.61,3,84.28068753282392,0.227880811128395,64.9008506289511,147.0,6,6,1,50,Medium,39.25
W0170,Town,Education,59,21,6.6,3,96.70826680775936,0.0703093903759432,85.82968273685073,223.0,12,4,1,92,High,49.97
W0171,Town,Finance,53,8,8.4,5,61.262739802803424,0.3409022503719164,32.59932142583392,78.0,1,1,0,99,Low,21.72
W0172,Town,IT,57,28,8.22,3,85.44756083204804,0.1263400209562776,61.22618179304885,155.0,3,10,0,95,Medium,37.28
W0173,Village,IT,58,5,5.9,1,83.25620650507052,0.1674869171628258,76.30909421546019,124.0,9,5,0,71,Medium,40.42
W0174,Town,Healthcare,54,17,7.03,3,94.9903617290408,0.0931535049155262,91.66665819977035,205.0,6,9,1,60,High,49.18
W0175,Village,Retail,57,19,7.61,4,79.9891329285708,0.2248748051478949,76.16479131632055,156.0,16,2,1,59,Medium,42.25
W0178,Town,IT,29,11,7.42,3,91.3351555135282,0.0047957732436987,95.5081902918499,222.0,18,9,1,96,High,52.15
W0179,City,Education,54,12,7.7,2,85.64986728461453,0.1224794198329827,70.86474665247113,133.0,4,11,1,75,Medium,41.5
W0183,Town,Education,23,5,8.21,4,90.64043523864788,0.0862434130141157,99.22999358474294,193.0,18,1,1,58,High,51.86
W0185,City,Healthcare,48,20,8.03,1,94.13926058052589,0.0270058466101555,84.13674221233217,220.0,3,7,1,60,High,47.49
W0186,City,Finance,53,12,7.66,3,82.60096944739698,0.1390094122063286,71.16611242363656,152.0,2,7,0,55,Medium,38.09
W0187,Village,IT,42,6,7.76,1,67.91101196251371,0.3788008082394244,33.40680106741829,75.0,2,9,1,50,Low,25.7
W0189,Town,Healthcare,59,19,8.03,5,66.18166204431762,0.3917477178333765,34.10672916791908,116.0,4,12,0,62,Low,23.61
W0192,Town,Healthcare,24,6,7.14,3,96.3872618224922,0.0953320080434255,82.02177188348429,206.0,2,3,0,71,High,44.85
W0193,City,Education,43,11,7.73,4,83.55899818337735,0.2446081195197234,61.81591450558942,163.0,11,10,0,86,Medium,37.25
W0196,Town,Healthcare,44,23,7.71,1,84.15119066967868,0.2434331760465441,60.05739655576706,132.0,3,0,1,99,Medium,37.48
W0198,Village,Finance,59,27,7.37,4,97.6576332104754,0.0091482957929647,90.27751669556469,193.0,13,1,1,96,High,51.94
W0199,Town,Healthcare,38,11,5.83,2,99.3425329909636,0.0086424632447237,95.98476188406916,196.0,12,13,0,54,High,51.39
W0200,City,Healthcare,56,17,8.26,2,81.56112291794939,0.2407867359379049,63.53080905574151,171.0,5,7,0,85,Medium,35.84
W0201,City,IT,55,14,8.5,2,64.66321983873868,0.3139818547915114,34.03960399280592,60.0,16,6,1,81,Low,28.29
W0203,City,Retail,51,18,8.03,2,99.26988474817796,0.0665120178113615,93.81707008679626,185.0,7,14,0,56,High,49.36
W0205,Town,IT,43,4,6.28,3,62.59736365360807,0.347751969231764,50.6654408116534,101.0,2,8,0,97,Low,25.88
W0206,Village,Retail,57,7,9.29,5,90.48395881945764,0.0148517424257117,88.27935396968108,200.0,16,4,1,59,High,49.94
W0208,Village,Education,34,8,7.73,2,94.89134031715908,0.0793843292867861,93.22720787322612,186.0,1,6,1,66,High,48.6
W0209,City,Finance,50,17,7.2,5,67.52383714039729,0.253375649114303,42.879277150086786,63.0,12,14,0,79,Low,28.73
W0210,City,Education,52,17,7.12,4,93.91675596535548,0.0621914421283878,99.37277330600551,194.0,19,7,0,70,High,51.31
W0212,City,IT,51,32,6.27,5,77.13044442634686,0.1264964544805704,65.42186633395924,172.0,19,6,0,50,Medium,38.83
W0213,Village,IT,37,8,9.45,1,66.59067349342644,0.3817172795478552,46.98971155056188,64.0,10,13,0,50,Low,27.58
W0215,Town,IT,38,3,7.08,4,82.19086737500112,0.2204568287013819,67.0993556310867,131.0,10,11,0,82,Medium,37.93
W0216,Town,IT,37,5,6.46,1,61.61725060149775,0.3954041867493664,57.8291584599022,102.0,2,14,0,87,Low,26.54
W0217,Town,Finance,33,13,5.08,5,84.07492848427978,0.1619791718204196,67.7067684148534,163.0,2,13,0,74,Medium,37.61
W0219,City,Retail,41,16,8.38,2,71.59497861041231,0.2755795584090663,56.02515245226704,112.0,4,1,1,62,Low,32.77
W0222,Village,Retail,51,29,5.29,1,88.33698983121207,0.1665982321513045,63.31946324892693,121.0,6,9,0,86,Medium,38.75
W0223,Town,Healthcare,44,22,7.03,3,92.80709742464596,0.0999316268189712,85.36023001039194,232.0,12,1,0,90,High,46.41
W0224,Town,Healthcare,49,3,9.14,2,91.72820051456452,0.0344505893394063,81.23086068269674,205.0,8,11,1,79,High,47.11
W0226,Town,Retail,41,21,5.97,5,94.63547839258922,0.0470324047937206,97.47150611519469,220.0,11,6,1,97,High,51.71
W0228,Village,Retail,51,12,6.57,5,90.09538954025544,0.0402890031050048,98.14486334554158,238.0,9,11,0,98,High,48.15
W0229,Village,Retail,42,2,7.9,4,60.121367257831835,0.3891275523561737,31.92241543594996,76.0,0,4,0,96,Low,20.56
W0233,Village,Healthcare,39,19,6.96,3,77.16742056820429,0.1554464676433782,66.25680094442738,172.0,2,14,0,73,Medium,35.32
W0234,Town,Education,29,8,8.81,5,88.9042923450687,0.1159138074921928,64.42801057171232,127.0,2,9,0,55,Medium,38.85
W0235,City,Education,53,26,5.87,2,73.73583673996171,0.3638542072076804,44.832950356863115,105.0,4,9,1,74,Low,30.29
W0236,Town,Finance,54,7,6.3,2,91.61100023256422,0.0996012783382248,83.59999233221373,236.0,10,3,0,50,High,45.31
W0238,Town,Education,33,7,7.84,3,78.87835628417474,0.2293502374659597,65.38576183601751,138.0,9,11,0,50,Medium,36.3
W0239,Village,Healthcare,59,3,6.91,1,81.54137882172373,0.1360127052904965,76.99735959366846,157.0,9,10,0,81,Medium,40.37
W0240,Village,Finance,55,1,7.17,2,94.09249573785397,0.0289193151965869,96.17955499227418,182.0,19,7,1,91,High,53.05
W0242,City,Retail,57,1,8.52,4,71.58021407798672,0.3137503621184796,37.98795371392476,72.0,2,6,0,52,Low,26.36
W0243,Village,Healthcare,54,15,6.22,5,82.74886378278353,0.1744598382515626,65.81401849808019,167.0,7,6,0,98,Medium,37.71
W0244,Town,Education,44,13,7.94,2,76.2759227472559,0.2077905611035293,64.0609970716563,130.0,10,6,1,68,Medium,37.67
W0246,Village,Healthcare,42,5,7.36,1,93.71463339334473,0.044891172259279,90.74338643208056,234.0,6,6,1,78,High,49.11
W0248,Village,Finance,48,1,6.15,5,80.76931053485555,0.1053418225409262,69.46154974916047,127.0,1,1,1,51,Medium,39.32
W0249,Town,IT,30,2,7.31,4,99.61020935765214,0.0013076534174614,83.43401673100618,202.0,5,9,1,58,High,49.64
W0251,Village,Education,32,9,7.45,1,95.12439768743884,0.0545902559266807,80.68522245587009,234.0,19,9,1,95,High,50.03
W0253,Village,IT,44,14,6.3,1,93.98841411946972,0.0904401436516952,99.97798574092344,222.0,17,2,0,66,High,50.78
W0254,City,IT,47,4,8.68,5,77.46672168629946,0.1909324963331149,66.40151634845816,147.0,15,1,1,98,Medium,39.67
W0258,City,IT,56,8,5.05,1,88.48018691602533,0.188420620463987,68.9522786281847,154.0,16,8,0,52,Medium,41.71
W0259,Village,Retail,43,3,7.71,3,66.43294084810174,0.3024775354136282,48.19767847185122,97.0,12,3,1,92,Low,30.99
W0260,City,Healthcare,36,14,6.25,4,92.37254363657138,0.0262633612366073,90.08842079430426,206.0,10,13,1,99,High,49.55
W0261,City,Healthcare,43,13,7.52,2,72.0896514434,0.3511087679130544,36.22450092422843,96.0,5,11,1,53,Low,28.4
W0262,Town,IT,58,32,7.08,5,71.28358180139335,0.2934246797679579,49.25964643921717,112.0,13,8,1,66,Low,32.95
W0264,Village,Education,59,19,7.03,1,84.68107764139032,0.2325024551533156,69.41862319148723,136.0,5,6,1,86,Medium,40.02
W0265,Town,Healthcare,39,16,9.71,2,84.55818216913437,0.2051138001159574,73.80673891590604,149.0,1,6,1,95,Medium,40.34
W0266,Town,Healthcare,56,2,8.2,1,72.12018131949512,0.3586633510403972,41.71051915217747,111.0,19,14,0,91,Low,30.24
W0267,Village,Finance,51,17,6.54,1,92.13740262061124,0.0657318825156272,88.49358024836917,206.0,14,10,1,64,High,49.57
W0269,Town,Retail,51,16,7.13,4,63.94351096264335,0.3221005168457615,42.99186818539718,102.0,7,9,1,65,Low,28.0
W0270,City,Retail,35,2,7.79,4,76.25756053600918,0.1886130582029597,71.38790748302705,142.0,4,14,0,60,Medium,36.13
W0271,City,Education,27,2,6.64,5,92.8215558403614,0.0233251691266392,94.68147062011757,191.0,16,3,0,69,High,49.83
W0273,City,IT,37,13,8.61,3,99.3156498000792,0.0707880695236535,94.95847302622836,233.0,0,2,1,73,High,50.18
W0276,City,Retail,30,3,7.59,1,97.36651875224788,0.0113564540977537,96.12023420976968,210.0,4,4,0,83,High,49.21
W0277,Village,Healthcare,36,8,8.82,4,87.58094499621545,0.1246589026492621,75.2780756751615,120.0,6,10,1,50,Medium,43.33
W0278,Village,Finance,42,23,7.55,2,90.26297726684668,0.0261028665293449,90.76135101469646,226.0,17,14,0,73,High,48.46
W0279,City,Retail,56,14,7.97,1,92.54720500457547,0.0263246174830544,91.12472788051544,191.0,5,13,0,73,High,46.81
W0281,Village,Education,48,29,7.61,4,92.30638640214264,0.0772873936381853,86.77939852345642,221.0,18,9,0,71,High,47.97
W0282,Village,Education,23,1,7.7,2,71.36774086959994,0.2979282177711214,34.74309611400073,88.0,9,2,0,61,Low,27.22
W0283,Village,IT,56,17,6.7,2,95.66443685086628,0.0471756309390874,89.91638945297078,214.0,14,13,1,66,High,51.1
W0285,City,Finance,35,13,7.24,1,90.57788197019865,0.0140653339233666,94.33263873404064,231.0,15,2,0,77,High,49.0
W0286,Village,Healthcare,41,21,7.78,5,64.52882866300405,0.2534720157872512,44.50967601460465,77.0,11,4,1,64,Low,29.96
W0287,City,Education,39,19,7.46,2,91.26545311196378,0.047662045631054,95.27230597923314,219.0,17,8,1,79,High,51.45
W0289,Town,Healthcare,46,25,8.52,1,71.77899479827278,0.3122271409840819,52.26796677064981,99.0,15,10,0,71,Low,31.91
W0292,City,Retail,54,17,9.75,5,90.864457531734,0.0759428704956486,86.28088006035289,227.0,1,5,1,76,High,46.05
W0293,Village,Retail,57,23,5.05,2,79.79171829905644,0.1125810607828018,78.86327558553427,167.0,1,5,1,61,Medium,40.85
W0294,City,IT,52,32,8.62,1,88.55229345718679,0.205442132292536,62.59772325109585,135.0,12,10,0,95,Medium,39.49
W0295,City,Education,35,10,6.67,2,84.1041576370291,0.1493508594493349,67.43763114509495,152.0,8,10,1,80,Medium,40.89
W0297,Town,Finance,37,8,8.99,2,95.11536194234792,0.0943565217156977,80.83760787677551,234.0,4,11,0,81,High,44.66
W0299,Town,Finance,56,32,5.28,2,83.02899418909303,0.2280444892791935,64.59662683426549,144.0,12,10,1,94,Medium,40.01
W0301,Village,Finance,46,28,7.66,3,96.57197661640062,0.0439029243980448,80.89762032945436,216.0,12,1,0,95,High,47.2
W0303,City,Education,55,15,10.54,2,81.74572155006761,0.1186517976163616,64.07116437689493,138.0,9,14,0,59,Medium,38.01
W0306,Town,Education,55,4,9.14,4,70.13053212861132,0.3749024835430077,35.824033755072705,87.0,4,0,0,53,Low,25.29
W0308,Village,IT,46,23,7.66,4,63.13961736411724,0.2647652063567484,56.58739076416852,117.0,14,1,1,74,Low,32.46
W0309,Village,IT,36,8,5.92,2,76.57505786533328,0.1142326345221362,66.32714502799264,150.0,15,11,0,80,Medium,38.16
W0311,City,Retail,33,12,7.96,5,75.47845824657523,0.1479478093382951,75.39822535789024,177.0,8,7,1,97,Medium,39.92
W0312,Village,IT,53,31,5.5,5,75.10181930771613,0.109136834030729,68.14794129065042,123.0,18,4,0,69,Medium,38.72
W0313,Village,IT,53,14,6.74,2,76.39529490907486,0.1408700776049644,75.80392070351803,150.0,6,5,0,85,Medium,37.93
W0316,Town,Education,52,34,8.19,4,65.11117142598161,0.3868876326887235,52.63513227995363,79.0,19,14,1,60,Low,32.02
W0317,Town,Education,35,11,8.39,2,80.08981417487617,0.1797228890956757,76.56545867116795,148.0,10,5,0,79,Medium,39.6
W0318,Town,Retail,41,12,8.7,3,68.80209941835815,0.3330592347097542,58.606006536003775,61.0,0,11,1,84,Low,31.06
W0319,Town,Retail,39,15,9.15,3,91.95707751638788,0.0027849777582755,96.1002976023614,219.0,5,14,0,90,High,47.87
W0320,Town,Education,50,31,8.23,4,86.6296544727722,0.1216155944549449,78.5188898053352,131.0,10,7,1,87,Medium,44.53
W0322,Village,Healthcare,53,26,7.64,1,71.74869280020154,0.3479489097312577,44.56597107326623,102.0,6,2,1,92,Low,30.2
W0323,Town,Education,50,18,7.29,1,68.32064427497234,0.3390415816669622,34.7613639576344,82.0,5,10,0,97,Low,25.09
W0325,Village,Education,44,22,7.24,3,77.39854362236125,0.2001402570374852,71.5794606492183,171.0,1,10,0,86,Medium,35.81
W0326,Town,Finance,40,17,9.72,1,90.88006027511452,0.0893534583498437,87.78532793618096,213.0,3,3,1,95,High,46.62
W0327,City,IT,52,23,8.86,4,70.58107740039424,0.3946575128176056,33.321813688007985,105.0,10,0,0,98,Low,25.94
W0329,City,IT,40,8,7.66,5,71.5552916901656,0.3980623546008955,46.14953711429101,92.0,17,7,0,53,Low,30.15
W0330,Village,Retail,55,6,7.01,3,92.74544584740444,0.0824094490484374,80.10648381142128,186.0,0,4,0,65,High,43.1
W0331,City,IT,31,5,8.34,4,97.73474017822768,0.0875120992382494,80.53205127193128,201.0,2,0,1,65,High,47.04
W0334,Village,Retail,32,11,7.29,1,82.79537000397036,0.1992286486219262,71.24637368396233,174.0,0,8,0,85,Medium,37.17
W0335,Village,Education,52,1,7.87,2,62.61493130027319,0.3138345048577527,45.93519763184279,63.0,10,9,0,68,Low,26.86
W0337,City,Healthcare,30,9,8.37,1,77.35523180485157,0.2040768079408399,72.26257481193721,132.0,19,8,0,94,Medium,39.47
W0340,Town,Education,30,4,8.41,1,96.96507183476888,0.0376041791109156,98.85219420317311,229.0,1,2,0,77,High,48.78
W0341,City,Finance,56,18,6.72,1,82.17615677585991,0.1687986939238555,72.20407336853914,123.0,17,1,0,50,Medium,40.86
W0342,Town,Retail,42,15,6.15,3,94.76567943580018,0.0296065510038947,90.29858990784966,200.0,11,6,0,93,High,48.48
W0344,City,Retail,49,19,7.27,1,99.13578011402694,0.0525360481819498,94.49820543672168,236.0,4,4,1,92,High,51.01
W0345,City,Education,28,6,7.77,4,86.93006846920017,0.1838778819969772,70.1105220520647,176.0,8,5,0,86,Medium,39.94
W0346,City,Retail,37,12,8.08,2,83.09521700637319,0.174719451127597,71.01119101384964,157.0,1,3,1,51,Medium,39.65
W0347,City,IT,37,17,6.0,3,87.98504971815206,0.168742482457941,72.52946751559713,120.0,1,1,0,66,Medium,39.46
W0348,Town,Education,54,23,8.06,2,92.53457129673016,0.0074246859330545,82.07549417269482,212.0,5,8,0,89,High,45.19
W0352,City,Education,58,27,8.23,5,61.75109517542855,0.2562248956578567,38.16377900239889,85.0,3,6,1,62,Low,26.23
W0353,Village,Finance,50,25,8.85,5,65.09459169093465,0.3749911457543137,43.17385100645233,104.0,16,13,0,60,Low,27.66
W0354,City,Healthcare,57,10,7.71,5,93.91771742012004,0.0577122269914442,94.04835056300728,191.0,14,7,0,65,High,49.29
W0355,City,IT,59,23,5.78,1,92.11716778461964,0.0145286009745786,86.32584697451249,201.0,5,1,0,65,High,45.84
W0356,Village,Healthcare,58,21,6.23,3,94.24830736643312,0.041705320370292,93.27596784085335,233.0,15,13,1,51,High,51.61
W0357,City,Retail,56,21,6.98,1,65.56118541392726,0.3356980023149654,57.640613762730986,93.0,16,5,0,91,Low,31.08
W0360,City,Education,49,24,6.94,5,88.18286454079283,0.2066694277004634,65.61712830381309,154.0,4,6,1,92,Medium,40.38
W0361,Town,Retail,43,11,5.49,4,72.91498454823504,0.3778999229652581,52.47161953533551,87.0,13,10,0,91,Low,31.23
W0362,Village,Retail,35,17,6.71,3,85.3179483641783,0.1267030486438405,75.66894354533079,173.0,12,2,1,62,Medium,43.93
W0363,Town,Healthcare,28,4,6.02,5,82.07039264608274,0.1045744821779131,62.504397096451726,153.0,5,0,1,66,Medium,39.14
W0364,Town,Healthcare,58,25,6.3,2,92.66233494517802,0.051452693658224,82.13770590978122,230.0,11,13,1,88,High,48.01
W0368,Village,Healthcare,48,20,8.79,2,85.27070561003126,0.1937540181715493,76.22631033970694,151.0,15,4,1,62,Medium,43.95
W0369,Town,Education,42,19,6.77,3,60.57924135454164,0.3068330635498908,31.006768413332946,80.0,0,10,1,68,Low,23.34
W0370,Village,Retail,59,19,6.4,1,66.83027248397283,0.3553246492972469,44.88337929900675,84.0,15,11,1,56,Low,30.51
W0371,Town,IT,36,12,9.16,1,94.51089287466831,0.0910878904806443,96.28601967343177,201.0,4,7,1,58,High,49.58
W0372,Village,Education,42,17,9.49,3,65.29474889339507,0.336460832718045,52.96809065777568,94.0,2,1,1,68,Low,29.26
W0374,Town,Finance,44,18,7.61,5,62.02594890591128,0.3716845837602037,36.45682782157677,104.0,14,11,0,89,Low,25.03
W0377,City,Finance,34,13,9.83,5,73.80388201038923,0.3906646838977337,55.00243579050053,61.0,10,0,1,72,Low,33.26
W0378,City,Healthcare,42,18,6.92,4,93.97728975622722,0.0428113569747241,97.60495988951128,211.0,1,14,1,51,High,49.57
W0379,City,IT,47,13,5.03,3,93.92950764991352,0.0961762478345468,88.31572124138366,238.0,5,13,0,99,High,45.98
W0381,Town,Retail,39,2,9.17,2,70.445833695341,0.3281223379216123,37.78815707799859,105.0,13,5,0,60,Low,28.05
W0382,Village,Healthcare,58,16,7.14,2,95.86731527389752,0.0795913142420156,89.50157960100488,227.0,10,12,1,80,High,49.96
W0383,City,Education,53,9,6.65,5,94.81273951827605,0.0617354250988067,88.09821628539689,237.0,7,8,1,82,High,48.94
W0384,Town,IT,57,9,6.98,1,83.3432713110966,0.1047042353206882,63.23511360544329,157.0,7,0,1,63,Medium,40.07
W0385,Village,Education,38,11,8.52,5,65.75466070978482,0.3032697646038574,41.80776465554662,61.0,0,11,1,65,Low,27.08
W0386,Town,Education,56,22,6.95,4,95.44180115941954,0.0543469869981363,89.94307631765743,221.0,6,0,0,60,High,47.37
W0388,Town,IT,42,23,7.53,4,92.10461747683212,0.031825499727942,84.80139306214357,213.0,7,12,0,56,High,45.76
W0391,Town,IT,55,24,6.93,2,91.72194267425756,0.0270963207871219,85.71253199367155,186.0,7,4,0,95,High,45.87
W0392,Village,IT,39,8,6.98,3,66.13815782946135,0.2545439839719438,52.3486332834281,76.0,13,4,0,96,Low,30.4
W0393,City,Retail,56,7,8.46,2,92.73914870629903,0.0199872974649443,84.63719227765696,230.0,17,9,0,63,High,48.05
W0394,City,Healthcare,50,18,6.32,5,99.3465195270722,0.000856921081074,80.95599419315498,188.0,15,5,0,77,High,49.06
W0395,City,Education,50,3,6.44,1,94.0788492685036,0.0113945269444543,93.52283577202914,213.0,8,7,1,92,High,50.5
W0396,Town,IT,59,28,5.99,2,81.43276621470231,0.2487668317502039,64.31083238125595,160.0,14,2,1,65,Medium,39.67
W0397,Town,Healthcare,42,6,8.52,5,99.53920803846722,0.0814208767054663,98.07963393178572,215.0,9,8,0,68,High,50.55
W0400,Village,Retail,30,1,8.52,2,67.07820163658157,0.3119805070895288,55.42843342457098,95.0,19,3,1,55,Low,33.93
W0403,Village,Healthcare,50,10,7.27,5,83.16226106421792,0.2363376616182181,77.89783749079356,132.0,6,13,1,58,Medium,41.42
W0404,Village,Education,54,10,9.27,3,90.03767694550532,0.0631377436395429,91.93032001397262,217.0,8,7,1,99,High,48.46
W0405,Town,Finance,31,13,7.03,1,67.51615505158843,0.3866192395764923,54.55007535149669,104.0,7,9,0,66,Low,28.74
W0406,Village,Healthcare,42,24,8.19,5,96.34534933366108,0.0532711622038985,87.85052396835654,192.0,15,8,1,80,High,51.02
W0407,City,Retail,49,2,8.37,5,78.72928698002033,0.2349179626830752,77.61996177976951,131.0,5,0,0,61,Medium,37.85
W0409,Village,Healthcare,55,17,9.03,2,66.66319104566814,0.2683874734760774,56.91009183587363,107.0,5,2,1,54,Low,31.74
W0411,City,IT,43,10,6.25,5,76.4074250216857,0.1744329219234886,73.10932278540089,167.0,0,11,1,85,Medium,37.87
W0413,Town,IT,36,3,7.33,3,66.89530595628712,0.3872329225182256,44.18669902143785,105.0,12,8,0,52,Low,27.48
W0414,Town,Education,38,17,6.36,3,92.68599161501086,0.0534385564235263,96.65218026076772,239.0,18,0,1,73,High,52.3
W0415,Town,IT,44,12,7.68,5,83.86949411062639,0.1372803615890639,65.77894983522384,166.0,16,0,1,66,Medium,42.21
W0416,City,IT,45,24,7.59,2,98.0719197040216,0.0757402198331027,87.1387459589627,206.0,10,8,1,88,High,50.18
W0419,Village,Retail,53,26,7.0,1,75.62652007496733,0.1444661087169095,65.32254825673222,177.0,9,5,1,94,Medium,38.18
W0420,Town,IT,22,1,7.99,3,64.04849555399021,0.2964647971214355,45.13464939589687,75.0,6,3,0,61,Low,26.51
W0421,Village,Retail,44,20,6.26,2,65.33540719056539,0.3579205346970072,39.74879481880782,95.0,9,6,0,50,Low,25.81
W0422,City,IT,58,28,7.45,2,84.02541200501199,0.1416800350215841,78.93677956250305,135.0,3,4,0,70,Medium,40.23
W0426,Village,Healthcare,44,12,6.73,5,88.56652676823575,0.170093103727318,70.89941085678639,135.0,8,7,1,92,Medium,42.71
W0429,Town,Retail,56,34,5.58,2,81.93078323916419,0.2269801739685107,69.59814851893192,156.0,9,7,0,93,Medium,38.09
W0430,Village,Education,45,6,6.04,2,77.51300364692091,0.2148407227386688,69.3770857744198,141.0,19,5,1,81,Medium,40.84
W0431,Village,Education,38,7,7.55,4,77.30627612442814,0.152703390198239,65.03245889845786,157.0,2,3,1,59,Medium,37.14
W0435,Town,Education,52,33,9.17,1,68.62713952249734,0.3143087712627222,35.28772032376837,76.0,17,7,1,53,Low,29.93
W0436,Town,Retail,57,7,5.04,2,88.6831668508869,0.226538041839031,63.386752735201306,157.0,1,2,0,77,Medium,37.28
W0437,Village,IT,32,12,8.48,3,98.09674258088071,0.0695677663215339,95.3156858543145,222.0,11,12,1,53,High,52.09
W0438,City,Healthcare,36,16,6.64,2,95.30115565035317,0.0137762929398519,87.38112318683608,208.0,4,3,1,64,High,48.82
W0439,Village,Education,40,16,6.62,3,68.85747848777903,0.3964020888398191,39.00742817046456,105.0,19,14,1,66,Low,30.34
W0441,Town,Retail,49,7,5.79,1,85.66439789057323,0.1087445805793535,78.97000344455171,155.0,15,10,0,52,Medium,43.47
W0444,City,Healthcare,51,11,7.82,1,64.1384318850591,0.3558044036345023,44.88325651160701,118.0,0,3,1,91,Low,26.71
W0445,Town,Education,53,8,8.56,3,77.27713105465861,0.2281518974174073,73.04858811634622,146.0,16,6,0,72,Medium,38.77
W0448,Village,IT,59,25,8.07,2,63.43426603882714,0.3422842304200305,42.85222217919512,98.0,12,10,0,84,Low,26.62
W0449,Village,Healthcare,53,8,7.85,4,91.9177345829367,0.0050064527093294,97.472676452694,187.0,8,7,0,80,High,48.7
W0450,City,Finance,49,22,7.95,2,66.90240746329455,0.3346190415642995,48.96400944049648,86.0,14,0,0,93,Low,29.35
W0451,City,Finance,38,4,7.97,5,87.26839557881712,0.1446969691993404,60.225555586717824,146.0,2,9,1,50,Medium,39.24
W0452,City,Retail,52,3,9.41,1,88.8102681643743,0.2072614551066663,71.67818126203554,126.0,13,12,1,52,Medium,43.56
W0459,Town,IT,57,15,6.21,5,63.25182710706701,0.3302201465378752,35.76602737830792,97.0,2,6,0,85,Low,23.27
W0462,City,IT,46,4,7.87,1,97.7013129192892,0.0141552109477106,96.68250866494492,186.0,7,9,1,53,High,51.98
W0464,City,Education,42,9,7.68,1,99.84193391718564,0.0030339246818318,99.97196335873086,200.0,16,8,1,63,High,55.2
W0465,Village,IT,57,5,7.67,1,98.44209585776233,0.043239636018509,96.57334287067188,197.0,18,8,1,99,High,54.1
W0467,City,Education,48,20,6.08,1,92.97492669992668,0.029634807688058,94.51136495119896,227.0,15,12,0,82,High,49.59
W0469,City,Education,34,15,6.97,1,91.04482395307836,0.023751612059406,87.59801044645408,199.0,1,6,1,97,High,46.88
W0470,Village,Healthcare,53,32,8.75,4,90.14276981685832,0.0601316824336151,91.25265191734776,229.0,10,6,1,52,High,48.79
W0471,Village,Education,52,28,7.66,1,64.5247169145407,0.2978045885928096,43.00773393168532,99.0,0,3,1,72,Low,27.02
W0473,Village,Healthcare,53,17,7.14,1,84.42485944422133,0.2237789402208535,65.79270779043293,152.0,18,7,1,90,Medium,41.91
W0474,City,Retail,53,26,7.18,1,79.78396631078364,0.2025549318586931,60.37398109224686,120.0,3,11,1,72,Medium,36.63
W0475,Town,Retail,55,7,9.29,5,94.46601901106656,0.045764561603354,85.17363547602856,209.0,10,0,1,53,High,49.0
W0478,Town,Healthcare,36,10,8.58,3,62.89780824200167,0.3877289737692554,53.64022672712679,75.0,12,14,0,92,Low,28.15
W0479,City,Finance,38,19,6.86,5,65.54898640754465,0.2616758729665771,40.83540491068901,117.0,9,12,0,80,Low,27.06
W0480,Village,Retail,39,11,7.77,5,61.57137500788224,0.2936834977867414,47.81132799555163,72.0,10,1,1,70,Low,29.13
W0482,Town,Retail,46,8,5.78,5,91.86316776518534,0.0099726203853367,87.2664895113802,199.0,1,11,1,90,High,47.2
W0483,Town,Retail,35,4,7.29,2,60.60756050009985,0.3022716963693483,35.196210564134354,118.0,6,10,0,84,Low,23.45
W0486,Town,Finance,51,11,6.01,2,99.50534474528166,0.0980414360232806,90.90913390784984,225.0,17,7,0,60,High,50.55
W0487,Town,IT,41,1,5.66,2,81.4914612808245,0.1132783472822092,71.57098310998664,157.0,6,14,0,90,Medium,38.89
W0488,City,Education,42,24,8.81,4,68.2251747119749,0.2592462825155235,57.79782259789853,107.0,6,0,1,78,Low,32.68
W0489,Village,IT,53,31,6.64,5,61.062202977136664,0.3547323180241709,48.08939352887474,70.0,2,3,1,96,Low,26.82
W0491,Town,Retail,56,5,9.36,2,65.53684706656998,0.2983507687121415,47.70142213267755,98.0,6,11,0,50,Low,27.46
W0492,Town,IT,53,20,7.58,1,86.6513311818572,0.1426915396840265,66.90409096146385,132.0,16,4,0,68,Medium,41.2
W0493,City,IT,51,11,7.59,1,98.90824131510628,0.0094462425801086,99.77751424275088,236.0,0,8,1,95,High,51.63
W0497,Town,Finance,34,15,7.99,2,77.6142619173632,0.1518924276794804,66.61140465694912,163.0,1,10,0,98,Medium,35.36
W0500,Village,IT,28,5,7.15,3,84.85518915390747,0.1506918356567936,65.88962259227392,121.0,3,6,0,65,Medium,37.78
W0501,Town,IT,44,6,8.59,4,63.47855934183439,0.3463797753009049,37.97870496390667,101.0,19,4,1,82,Low,29.02
W0502,Town,Retail,53,22,7.33,1,84.75927593565062,0.1880230667610345,75.8228023494426,127.0,17,12,1,62,Medium,44.17
W0504,Town,IT,43,14,8.14,3,93.40274982234033,0.0620832632774192,97.81990749288528,219.0,12,4,1,98,High,51.46
W0505,City,IT,43,10,7.75,4,81.85422634740266,0.1467063163244981,76.5641576494686,174.0,0,9,1,61,Medium,40.47
W0506,City,Finance,46,13,9.47,5,90.6150573645864,0.0051334371323677,87.6030028391534,201.0,2,10,0,87,High,45.14
W0508,Village,Healthcare,49,30,7.86,2,92.21123262889014,0.0274261850158899,90.9522396828562,220.0,3,4,0,82,High,46.27
W0509,Town,Education,50,3,6.65,4,75.19883018639071,0.1230126369116331,68.0015812686075,143.0,15,12,1,82,Medium,39.99
W0511,Village,Retail,39,6,6.95,1,67.14298083069372,0.26917746054902,51.43076983153107,76.0,0,10,1,54,Low,29.77
W0513,Village,Healthcare,50,8,7.62,2,79.80361722983812,0.1362858658887636,67.57153854727562,128.0,18,2,1,80,Medium,41.75
W0515,City,Healthcare,36,17,6.85,1,96.5369869290508,0.0773936128823672,96.27658263185688,230.0,12,14,1,80,High,51.94
W0516,City,Retail,48,11,7.84,2,92.43842729966106,0.0152574224302378,97.18378077443138,224.0,19,6,0,74,High,50.91
W0517,Village,Education,52,13,6.45,5,78.44779027744443,0.2355111633794189,61.98305770357375,120.0,4,6,0,97,Medium,34.43
W0518,Village,IT,36,11,6.16,3,98.50267394335924,0.0706368771850307,85.8095791844651,205.0,3,5,0,95,High,46.69
W0521,City,Healthcare,34,6,6.12,2,64.62411845655387,0.3393033583765468,55.29393134096796,118.0,3,12,1,59,Low,29.7
W0522,City,Finance,43,16,6.32,3,73.92336047736246,0.393485628617824,54.460895904639905,61.0,19,6,1,73,Low,34.96
W0523,Town,Retail,58,4,7.17,1,61.48014384603589,0.3497211637870367,38.29924525313931,62.0,17,4,0,59,Low,26.03
W0524,Village,Retail,54,26,6.78,4,86.21133292547566,0.2377387251911959,71.45707296816832,159.0,17,6,0,90,Medium,41.24
W0526,City,Retail,40,11,4.96,4,90.93467936904445,0.0507850143137481,83.24471096281155,234.0,8,5,1,62,High,47.12
W0527,Village,Education,44,25,7.86,1,70.95354132102243,0.3296125903582213,47.10519743875291,112.0,17,13,0,52,Low,30.86
W0528,Town,Healthcare,50,18,8.4,3,82.44737978296448,0.1766947036555732,78.13362868679025,167.0,1,7,1,99,Medium,40.86
W0529,Town,Education,51,19,7.02,3,92.24886780225532,0.0519448786391237,91.2537751158146,221.0,3,0,0,83,High,46.1
W0530,City,IT,46,23,7.18,1,72.62971133543543,0.3876184332836521,56.98921261504679,65.0,11,3,1,98,Low,33.54
W0531,Village,Education,58,18,7.5,2,67.84338049296274,0.2882505478751613,37.61395667058001,100.0,6,10,0,77,Low,26.23
W0533,Village,IT,37,6,5.62,4,63.07013395506763,0.3559348747797673,52.69689532186342,78.0,6,13,0,72,Low,27.13
W0534,Village,Education,29,4,7.0,4,67.21118126640499,0.3528560843929114,48.8364405008963,81.0,16,0,0,94,Low,29.64
W0539,Town,IT,25,2,7.68,1,80.36342007026818,0.225335606494684,78.3770509293571,133.0,16,10,0,82,Medium,40.79
W0540,Town,Healthcare,56,34,8.69,1,69.23749179770752,0.2978612458481089,52.24820052370619,85.0,4,7,1,54,Low,31.08
W0541,Town,Finance,53,8,8.15,2,95.52018172295652,0.0230941664598744,94.8700507155815,222.0,1,6,0,52,High,47.69
W0542,Town,Education,55,13,8.5,2,94.0084523565348,0.0206760524069761,83.99370852336358,231.0,19,11,1,56,High,50.69
W0543,Village,IT,46,8,6.22,5,97.15635550557762,0.0800054407951371,86.9221448156479,201.0,15,9,0,73,High,48.82
W0546,Town,Education,48,30,6.7,1,80.90456972397874,0.1220202447630994,69.10088473914689,125.0,0,10,1,72,Medium,38.92
W0547,City,Healthcare,48,1,7.83,3,92.15085228785092,0.0271860726725915,83.3941047831049,190.0,2,13,0,79,High,44.53
W0551,City,Healthcare,57,22,9.29,2,76.93729987558686,0.2122242698543044,68.92343088208085,156.0,19,0,0,82,Medium,38.61
W0553,City,Retail,47,22,9.28,5,83.70747673783367,0.1593034766292074,74.59592858834233,157.0,18,7,1,98,Medium,44.1
W0554,City,Retail,33,9,7.21,4,60.46167721155631,0.3777831973705575,49.83672098907008,75.0,8,7,1,77,Low,27.96
W0555,City,IT,38,10,4.69,3,96.59378928601464,0.0349160386565749,93.40639267963086,192.0,18,7,0,57,High,50.99
W0558,City,Retail,55,21,6.75,5,63.46508579997726,0.261948376139633,32.026862544750486,68.0,15,4,1,83,Low,27.85
W0560,City,Healthcare,32,2,4.26,3,96.57065182532943,0.0732304192219465,87.10810813524671,187.0,11,8,0,82,High,47.94
W0561,Village,IT,37,8,7.72,2,83.87677078415376,0.214133720944186,78.73453063573217,154.0,6,3,0,54,Medium,40.03
W0562,Town,Healthcare,52,27,6.23,4,66.675728848013,0.3733954407335831,37.869412020542974,112.0,13,9,1,87,Low,28.49
W0565,Village,Retail,58,29,8.63,2,65.1134188226152,0.3089178469493057,50.17358184991683,104.0,4,11,1,50,Low,29.32
W0566,Town,IT,25,3,8.83,4,60.73143817181159,0.2643315811847149,49.10713334073864,112.0,16,11,0,53,Low,28.64
W0568,City,IT,41,10,6.82,5,97.62998897711942,0.0584576472751507,80.76236490376984,188.0,9,0,0,75,High,46.74
W0569,Village,Education,31,9,6.8,2,82.19643147266217,0.1859723871971868,77.5892821680508,176.0,10,14,0,82,Medium,40.39
W0570,City,Finance,45,27,7.23,4,93.27440562954068,0.0135832428413265,84.73851841462894,188.0,16,8,1,82,High,50.07
W0571,Village,Education,56,34,8.26,2,92.00008921112747,0.0130842361348819,93.51623271485464,183.0,4,6,1,57,High,49.05
W0572,City,IT,47,1,6.89,5,94.29190581960034,0.0304813144645132,85.12975046414309,192.0,12,9,0,69,High,47.49
W0573,Village,IT,58,32,7.36,4,73.80935040280448,0.3300384595165613,33.28006693854987,73.0,9,11,0,65,Low,27.33
W0574,City,Retail,59,25,7.83,4,60.44887774829527,0.2624802724763402,38.50848819878776,96.0,8,8,1,70,Low,26.85
W0576,City,Healthcare,42,7,6.34,2,92.74687493987416,0.0648645659062063,94.43107765186924,200.0,0,1,1,75,High,48.14
W0577,City,Education,31,3,7.31,1,69.4992389727818,0.2797615151790344,44.32562822416124,111.0,3,14,1,72,Low,29.56
W0578,Town,Finance,59,20,7.47,5,98.82166724471033,0.057486949515807,87.96012875007631,180.0,3,5,1,67,High,49.34
W0584,City,Finance,50,17,9.19,3,90.84728683290318,0.0622972887688095,80.13571105953655,207.0,5,1,1,58,High,45.74
W0587,Village,Retail,45,20,7.57,2,82.8475509338348,0.149811083623573,62.94389392142078,156.0,3,5,0,58,Medium,36.61
W0588,City,Retail,58,27,6.64,4,93.66493579161164,0.0559574841955873,93.31018817514428,205.0,17,8,0,91,High,49.69
W0589,Village,IT,37,18,9.38,3,84.70160511283134,0.1007538255047967,68.12864567612675,127.0,17,13,1,65,Medium,43.48
W0590,Town,Education,25,4,7.99,2,60.48305427097657,0.2932187693282038,52.28498911332892,117.0,16,4,1,73,Low,30.92
W0591,Village,Retail,45,1,7.55,4,82.23571474828299,0.1395045428497119,63.987428868303304,121.0,11,1,0,99,Medium,38.32
W0592,Village,Retail,55,1,6.17,5,78.66274728808563,0.1744455405229714,67.9491193970491,130.0,6,7,1,63,Medium,38.7
W0593,Town,Healthcare,51,26,6.11,5,70.08930236311008,0.3332210137410922,42.26341758553659,93.0,15,8,1,52,Low,31.19
W0594,Village,Education,39,20,7.13,4,82.87737356958033,0.244658388498589,64.12725788387054,170.0,10,13,1,83,Medium,39.31
W0596,City,Education,52,10,6.22,4,79.14296888572403,0.2075571908060657,61.60114062443454,137.0,2,3,0,99,Medium,34.44
W0597,Village,Healthcare,40,11,7.05,4,86.22446383584065,0.2122415230381563,75.08715189177235,132.0,18,5,1,73,Medium,44.42
W0598,City,Retail,40,5,7.24,3,97.17760544816232,0.067981812521997,96.618449816437,192.0,17,14,0,58,High,51.28
W0599,Village,Retail,43,1,7.67,5,97.4273072945409,0.0414308312334173,89.47138997149293,191.0,9,10,0,62,High,48.59
W0600,City,IT,45,17,6.9,3,82.8173826859831,0.2376023352260123,67.4381148763463,177.0,5,9,1,51,Medium,39.03
W0603,City,IT,59,29,8.96,3,94.71540126588164,0.0149838134187968,85.27921708263742,223.0,17,11,1,70,High,50.81
W0604,Village,Healthcare,52,4,6.0,5,62.9683899070312,0.254431295291724,42.584122239309835,91.0,19,4,0,68,Low,28.7
W0605,City,Healthcare,57,5,7.94,3,82.60508132114025,0.1030715625043297,69.91562709709797,176.0,15,11,1,74,Medium,42.81
W0606,City,IT,40,11,8.12,5,95.31910696881305,0.0091850337229201,88.90037367450711,226.0,5,5,0,96,High,47.38
W0607,Town,Retail,57,21,7.35,3,96.86886078381757,0.0776403322022103,86.22678485858833,212.0,12,10,0,71,High,48.02
W0608,Town,Healthcare,51,12,9.62,5,61.44258370803376,0.2841172381097199,30.09052788933588,82.0,3,3,1,60,Low,24.24
W0609,Village,Retail,54,26,8.1,3,61.5205036328509,0.3209190017952374,49.63669716864315,98.0,13,4,1,82,Low,29.82
W0610,Town,IT,39,19,9.71,3,98.23980389157066,0.0677101276357364,83.97834719030534,211.0,0,6,1,81,High,47.68
W0611,Village,Retail,49,7,6.72,2,75.17051769583158,0.1992007170754319,65.49769579422268,134.0,19,8,0,70,Medium,37.51
W0612,Town,Education,32,7,6.74,5,94.27408287904316,0.0134797828419477,98.2733919488544,229.0,4,9,1,88,High,50.7
W0613,City,Finance,54,26,8.13,5,94.40148447224132,0.0512428551376656,93.45427223000873,226.0,7,10,0,69,High,47.99
W0614,Village,Healthcare,38,5,7.19,5,64.95027604340245,0.3695732658723748,42.84265572678111,70.0,11,12,0,57,Low,26.59
W0617,Village,Healthcare,41,4,6.25,5,67.6997058093741,0.3237685948935502,46.39823461614914,104.0,4,5,1,58,Low,29.2
W0618,Village,Retail,48,23,5.42,1,68.39606615554388,0.2766358003947426,38.80825958356782,109.0,4,7,0,74,Low,26.36
W0622,Town,Education,32,8,8.95,1,83.11291855906366,0.1997699290275588,68.33926606391854,136.0,0,13,1,68,Medium,38.66
W0624,City,Healthcare,47,28,6.81,2,84.45566211989411,0.1485443686870718,61.51319051949144,154.0,17,4,0,69,Medium,39.62
W0626,Town,Education,26,4,6.02,3,86.69033023720371,0.1221119175450975,73.45522851487584,176.0,2,1,1,90,Medium,41.95
W0628,Town,Education,24,1,7.06,4,62.51854846228774,0.3871667023084313,51.78327007459178,78.0,1,5,1,78,Low,27.47
W0629,City,Retail,34,3,7.87,4,87.11981389253606,0.1048164370723087,72.2334906235474,163.0,2,7,1,55,Medium,42.0
W0630,Town,Retail,51,24,6.54,2,60.75557665998348,0.3644454083063535,50.40173617856188,76.0,13,0,0,66,Low,27.29
W0634,Town,Healthcare,56,24,6.15,1,68.28239052083435,0.2518093776733601,30.994458671005727,75.0,6,11,1,79,Low,27.4
W0635,Town,IT,47,24,8.06,1,72.7712147079944,0.3839193909384829,48.96313324470846,81.0,11,1,0,69,Low,30.02
W0636,City,IT,26,4,10.0,3,63.783484250864,0.3256961583922113,58.291514437326384,61.0,2,1,0,52,Low,27.96
W0637,City,IT,50,3,7.8,3,87.53148716022129,0.1988866805576308,66.5509516444362,162.0,8,6,0,72,Medium,39.25
W0638,City,Education,58,34,3.96,1,79.35671043456523,0.2154988421828056,76.46851604353553,157.0,1,9,1,67,Medium,39.21
W0639,Town,Finance,41,23,8.99,4,72.9073788218585,0.271115568665682,36.52200736618181,85.0,8,0,0,75,Low,28.1
W0640,Village,Retail,42,23,6.66,4,68.72426455242412,0.3203934866406224,33.38148602643522,94.0,11,5,1,85,Low,28.33
W0641,City,Healthcare,31,5,10.22,2,90.2544714329504,0.0642746046075279,97.8548508599271,192.0,11,13,0,57,High,48.28
W0643,Town,Education,57,6,5.48,2,61.91686353593928,0.3011525639678805,35.444114189449934,113.0,1,13,0,80,Low,22.9
W0645,Village,Education,47,7,9.35,5,83.16473226636265,0.1344942123101551,62.81454451831128,132.0,12,6,0,94,Medium,38.62
W0647,City,Finance,56,20,10.17,4,98.94054605203888,0.0936342753398227,96.1474187958498,233.0,4,8,1,76,High,50.87
W0648,City,Retail,22,3,7.51,2,90.86747767803972,0.0337002791337258,82.58008350046518,218.0,9,12,0,94,High,45.33
W0649,Town,Retail,45,22,7.43,5,62.83719690786604,0.3163231170679874,31.648376550659265,92.0,11,2,1,53,Low,26.26
W0650,Village,Finance,57,4,7.04,3,99.08824030968796,0.0021172363735378,86.96026707526985,203.0,9,10,1,71,High,50.98
W0652,City,Finance,52,12,7.03,4,83.65261150773233,0.1094642021774823,62.049259746916775,135.0,1,3,0,81,Medium,36.67
W0653,Town,Education,41,5,7.76,1,63.09787227492657,0.2742125481531361,40.787848033885695,68.0,4,1,1,73,Low,27.17
W0654,Village,Finance,45,13,6.49,2,99.78578394859376,0.096544222073871,88.3252199872015,196.0,6,0,0,95,High,47.92
W0655,Village,Healthcare,46,23,5.5,2,79.23629013729762,0.1403171947242406,70.11267033569383,142.0,5,11,0,84,Medium,37.45
W0656,Town,IT,57,30,7.69,5,68.64580238493465,0.3972123582750496,39.794923626834645,113.0,2,11,0,86,Low,25.03
W0658,Village,IT,51,27,3.61,3,93.19618125508072,0.0167621563840584,85.25761403978652,198.0,2,0,1,56,High,47.33
W0659,Village,Education,45,14,8.16,1,63.98798583345064,0.2536360388533584,48.12556417087502,61.0,5,10,1,82,Low,29.31
W0660,Town,IT,51,16,6.17,4,91.71693993128493,0.0102534538112644,92.25185616551752,211.0,10,9,1,80,High,49.95
W0661,Village,Education,43,22,8.29,1,73.41371913671458,0.2515789069464552,58.72085207128448,75.0,16,2,1,61,Low,36.48
W0662,City,Healthcare,49,21,8.27,2,72.4693334624867,0.3577796977183369,32.11608165484495,72.0,9,3,1,60,Low,28.42
W0664,Town,Education,56,8,10.5,3,84.54566244846002,0.2490252340593562,64.41437537255635,160.0,16,12,0,57,Medium,39.02
W0665,Town,Retail,49,16,7.33,4,66.16178775164857,0.2684958707982137,44.106951739040376,116.0,3,11,1,81,Low,28.63
W0667,City,Finance,31,10,8.32,4,93.07432532547836,0.02879786079325,98.30064846942167,184.0,10,10,0,71,High,49.37
W0670,Village,Finance,52,9,5.98,4,98.886932147848,0.0240227166395545,85.60432813981141,231.0,17,0,1,69,High,52.04
W0671,City,Retail,46,17,6.0,4,81.85904454542805,0.1808158879172674,64.89548343683195,173.0,3,3,0,63,Medium,36.4
W0672,Village,Finance,34,11,8.42,5,63.24506388663212,0.385209991184385,54.18358141337007,111.0,7,14,1,82,Low,29.4
W0674,Town,Healthcare,30,10,8.23,4,72.81667633705663,0.2688419055280453,42.13495690177061,60.0,13,9,1,65,Low,32.21
W0675,City,IT,57,22,7.94,5,81.23668756316684,0.2310509090769647,68.77485425665157,170.0,11,10,0,53,Medium,38.09
W0676,Village,Healthcare,41,17,6.67,2,78.18487247216687,0.1713430921462388,68.06352956222219,170.0,17,5,0,76,Medium,38.83
W0677,City,Healthcare,39,4,7.94,5,90.64834218786191,0.0762652558756141,88.5488384171312,219.0,10,5,1,77,High,48.23
W0680,Town,Education,54,1,7.22,2,62.06533367848286,0.2644825717896618,30.3892645384837,84.0,14,13,0,82,Low,24.89
W0681,City,Education,48,25,7.59,4,91.36233651545726,0.0630400926035999,86.02451496124559,215.0,8,14,1,97,High,47.67
W0684,City,IT,36,2,7.97,2,70.031750956906,0.3396894140229745,36.14217936886489,110.0,7,4,0,71,Low,26.29
W0685,City,Healthcare,39,15,9.34,5,64.50047469126926,0.2739444899879146,35.950302168459665,70.0,18,0,1,58,Low,29.43
W0686,City,Retail,53,32,7.39,4,69.02388416484551,0.3592529256214843,43.864813545728424,111.0,4,7,0,58,Low,26.73
W0687,Village,IT,32,6,8.93,4,73.6637636714943,0.2996820721934682,33.44101539269132,61.0,10,7,0,58,Low,27.82
W0688,City,Retail,41,1,8.6,2,98.90826753574268,0.0976490034044249,94.00429317690669,216.0,14,5,0,76,High,50.39
W0689,Town,Retail,45,23,10.25,2,91.66311700209084,0.0705380559647417,85.83155433519862,221.0,7,11,0,66,High,45.45
W0690,City,Healthcare,36,17,7.35,1,85.15134426456711,0.2447547434364878,64.94754981615637,141.0,18,4,0,93,Medium,39.75
W0693,Village,Finance,47,9,7.96,3,95.89133403156038,0.0647669356120825,89.03483507030884,239.0,17,2,1,65,High,51.43
W0694,Village,Healthcare,35,13,9.04,2,83.12867664675295,0.2159635212425668,66.32078674407616,120.0,9,1,1,67,Medium,39.89
W0695,City,Healthcare,58,6,8.36,5,60.2368988085092,0.3047435781502338,37.937587598012435,90.0,6,4,1,82,Low,25.85
W0696,Town,Healthcare,42,6,4.97,5,66.6573713027667,0.2977262814263055,37.73439948847921,90.0,8,2,0,50,Low,26.2
W0697,Village,IT,39,20,7.95,1,91.29762233496264,0.0750061324144347,81.98457792165354,220.0,0,2,1,61,High,45.13
W0698,City,Finance,26,3,7.87,1,75.2786207723611,0.2048541121063142,64.80532430556946,172.0,18,14,0,55,Medium,37.17
W0700,Town,Retail,44,12,7.34,2,68.23039968701694,0.3252094717892986,55.32814076676038,102.0,18,7,0,54,Low,31.93
W0701,Village,Retail,47,1,5.59,4,78.7948818619651,0.1456369467229877,69.77511320048959,164.0,0,1,1,65,Medium,38.21
W0702,Village,Retail,58,17,8.55,1,88.19268292909052,0.223463129351032,60.79748179862661,156.0,14,3,0,67,Medium,39.25
W0703,City,Healthcare,45,3,7.95,4,65.57134278681866,0.2965220831636203,43.08876502946882,87.0,15,10,1,98,Low,30.36
W0705,Town,Healthcare,46,15,5.65,2,99.2223086983873,0.0480236713471026,92.47484490999082,221.0,11,0,1,50,High,52.07
W0708,Village,Healthcare,54,4,7.67,1,73.88004368181323,0.3569828507615658,34.756891212322294,111.0,9,12,0,52,Low,27.39
W0711,Town,Education,43,14,7.3,2,88.69577280398583,0.2311155694099316,66.82234480181987,141.0,4,13,0,89,Medium,38.52
W0712,Town,Finance,54,33,6.24,2,78.51381079732454,0.2107725958279158,75.31556114250363,122.0,14,6,1,68,Medium,41.36
W0713,City,Education,38,14,7.6,1,93.67985077186786,0.0077631885249795,94.26923896733,220.0,12,0,0,67,High,49.37
W0715,Town,Healthcare,55,4,7.4,2,94.17387127700546,0.029754676134333,98.2540202071422,227.0,10,3,0,80,High,49.7
W0716,Town,IT,49,24,3.67,1,60.74962511249745,0.356390801750472,45.43122288127311,93.0,0,4,0,82,Low,23.79
W0718,City,Finance,38,19,7.12,5,95.52841795984769,0.025324536304025,99.11242759562712,228.0,17,3,0,67,High,51.72
W0719,City,Education,55,6,5.88,1,97.8654893636501,0.0973877767043639,81.19251048774538,180.0,17,7,0,88,High,48.1
W0722,Village,Finance,55,1,7.11,2,77.32979998035316,0.2179551078942547,64.75107841169292,125.0,6,6,0,96,Medium,35.22
W0725,City,Retail,42,16,7.65,2,66.08450715414155,0.3232138390397464,56.8952622580001,73.0,0,0,0,56,Low,28.0
W0726,City,Retail,26,6,8.61,4,94.92081705388416,0.0531360831695266,84.0250072910234,199.0,16,12,1,63,High,50.03
W0728,City,Education,43,19,8.93,3,68.71676438306687,0.3479139633964188,52.31247752838326,97.0,1,6,0,97,Low,27.84
W0731,Village,Retail,55,10,6.14,2,71.45959611867704,0.3049379508997711,47.444906685011475,80.0,13,9,0,87,Low,30.51
W0733,Town,Retail,43,20,7.42,4,91.31215482931688,0.0591509532134982,92.65998887693856,181.0,5,10,1,65,High,48.41
W0735,Village,Education,45,4,7.39,2,86.9712412946845,0.19872437147895,68.25404192790089,162.0,17,11,1,65,Medium,43.22
W0736,City,Healthcare,59,23,8.67,4,98.93443465376264,0.0194152696618549,82.60911273102788,200.0,8,2,0,61,High,47.69
W0737,Village,Finance,31,2,7.19,1,79.33358788606924,0.1853660470544205,64.67385940135384,158.0,7,14,0,66,Medium,36.35
W0738,City,IT,56,22,5.1,3,67.5836155364722,0.3469602604998699,45.81552271187561,111.0,9,3,0,86,Low,27.81
W0739,Town,IT,53,8,7.35,2,98.4750062037634,0.0333039235363394,87.99924249167876,219.0,16,3,1,76,High,52.1
W0740,Town,Finance,28,7,5.09,2,95.02639804975536,0.0491811322322456,83.43578218955534,223.0,5,11,0,74,High,45.8
W0741,Town,Finance,42,14,7.83,2,96.08684220603502,0.0399401658741133,92.90019630983134,190.0,13,8,0,62,High,49.69
W0742,Town,Finance,41,3,8.77,4,77.14358824081077,0.1403905636457811,71.22120349703312,137.0,5,12,1,57,Medium,39.04
W0743,Village,IT,47,16,6.32,1,77.47459614392845,0.2297490959544302,70.695096700779,132.0,6,6,1,54,Medium,38.34
W0745,City,Finance,43,18,8.51,1,67.7537640912023,0.3074189246619864,34.5609324882154,95.0,2,9,0,90,Low,24.6
W0746,Village,Retail,36,16,8.95,4,67.83022620907558,0.2781116931975665,42.99857088113851,95.0,13,4,0,52,Low,28.81
W0747,City,Retail,42,8,7.73,2,70.44033641057665,0.2807907511825988,38.49426665435014,88.0,18,6,0,84,Low,29.66
W0749,City,Healthcare,43,12,8.44,2,92.96620861833918,0.0889446758351677,99.98729864385358,193.0,6,0,0,71,High,48.28
W0750,Town,Retail,49,11,6.75,5,66.60712312057412,0.3861835900619249,40.53248668663463,83.0,7,11,0,99,Low,25.66
W0751,Village,IT,35,5,7.64,3,93.88656001543514,0.0432967546999053,82.88271327978791,195.0,17,1,1,93,High,49.79
W0752,City,Retail,48,27,7.29,2,73.0348264324208,0.3435157200541168,39.965771944916554,115.0,12,6,0,58,Low,28.92
W0753,Village,Education,49,12,8.85,3,63.73318668985506,0.3574140223734942,41.433488829376614,115.0,8,10,0,90,Low,25.48
W0754,City,Education,47,17,8.38,1,73.23052451509047,0.2572407830436972,30.02964668823899,71.0,9,14,1,67,Low,29.23
W0757,City,IT,24,5,6.74,5,75.2833072569593,0.1785989751197,69.59609820513776,133.0,19,12,1,88,Medium,40.57
W0759,Village,Finance,54,14,7.84,2,65.16435530178245,0.3135934269194893,40.45545461769778,66.0,12,1,0,85,Low,26.93
W0760,Village,IT,56,5,5.7,1,90.52087906927152,0.043604158291295,92.46294734671912,225.0,1,6,1,94,High,47.51
W0762,City,Healthcare,44,19,7.73,2,87.74484884832117,0.1490111593716057,69.4758769367467,167.0,1,8,0,83,Medium,39.0
W0763,City,IT,46,22,6.23,5,64.97611353014344,0.2877269559514601,50.14548015831177,88.0,2,10,0,95,Low,27.08
W0764,Town,IT,40,5,6.35,3,94.14698118305128,0.0082342163096721,92.13051734101067,235.0,5,1,0,52,High,47.69
W0765,City,Finance,26,2,8.31,5,90.09959741204304,0.0937112493921472,92.55239747965412,205.0,2,6,1,54,High,47.09
W0767,Village,Finance,33,4,6.6,2,91.3772830151714,0.0612166220723145,83.33091177187603,213.0,5,10,0,52,High,44.56
W0770,Village,Education,45,20,7.3,2,97.96300185967664,0.0431732823842849,89.05996201659927,234.0,18,12,1,79,High,52.47
W0771,Town,Education,49,7,7.55,4,68.95386937247545,0.2600796356128561,37.3414116391989,84.0,2,6,1,99,Low,27.99
W0772,City,Finance,57,15,8.41,2,67.78480269268046,0.2990466434864109,42.832248096373085,98.0,17,12,1,94,Low,31.35
W0773,City,IT,58,23,6.69,3,93.3011179785524,0.0322297473402908,91.15605362418292,185.0,6,4,0,72,High,47.18
W0774,Village,Education,42,14,5.67,4,97.397963719361,0.070593661771162,90.6837978361724,185.0,8,0,1,76,High,50.33
W0778,City,Retail,39,20,7.66,5,73.34355519394703,0.2581201612603481,47.30884896275023,80.0,2,2,0,65,Low,29.32
W0783,Town,Education,28,8,9.57,2,94.01898707955966,0.0575719305331204,91.66772464655496,218.0,17,4,0,66,High,49.45
W0787,City,Education,48,17,7.62,5,69.87158405294593,0.3775448104857688,42.58806137266343,81.0,1,10,1,58,Low,27.94
W0788,Town,Education,59,2,7.92,5,83.26418700457839,0.1945010703169785,76.06296483231463,157.0,4,7,1,51,Medium,41.11
W0789,City,Finance,54,6,7.74,5,62.68788730323106,0.2837312637708544,37.874798291384735,102.0,12,5,1,81,Low,27.99
W0790,Town,IT,49,5,8.1,3,73.67075886681219,0.3852757474662507,33.69378904496747,79.0,15,12,1,99,Low,30.02
W0792,Village,Retail,29,5,5.76,4,67.75370515503108,0.3294662372885197,39.33037386589005,76.0,2,6,1,92,Low,27.33
W0793,City,Healthcare,58,18,9.22,5,64.49430136784254,0.2837425065815551,55.457132868813545,89.0,3,8,0,62,Low,28.24
W0794,City,Healthcare,53,26,7.8,1,97.76768271350072,0.062584666605061,88.18287575835245,236.0,10,6,0,57,High,48.44
W0795,Town,IT,58,20,8.43,5,81.93777966526302,0.1026810296254473,66.35973105137839,149.0,13,2,1,50,Medium,41.49
W0797,City,IT,51,12,8.78,2,77.94884411184022,0.2423268757700591,66.37527790154418,169.0,15,10,1,61,Medium,39.31
W0798,Town,Education,27,7,6.87,4,94.03756610478348,0.020774927301219,92.97493874473308,193.0,14,12,0,53,High,49.48
W0799,Village,Finance,40,3,6.53,3,60.33838492986905,0.295951686280322,49.319595847726504,106.0,9,10,0,62,Low,26.85
W0800,Village,Education,53,10,7.42,4,85.52626742116867,0.1210096839038404,66.61721769190063,162.0,8,6,0,80,Medium,39.44
W0804,Town,Healthcare,37,2,8.77,3,96.53602952535226,0.0838159201401086,90.50404400461592,191.0,16,9,1,73,High,51.5
W0806,Village,Finance,42,10,9.28,2,93.04367783429552,0.0682493033737148,96.9513809620499,236.0,1,0,0,54,High,46.92
W0807,Village,Education,51,22,4.78,5,81.21522944457406,0.2132640950947219,74.26541624611434,166.0,1,8,0,66,Medium,37.35
W0809,City,Healthcare,55,27,4.77,5,73.23164510279564,0.2821687343986242,32.15061406744689,100.0,18,12,1,58,Low,31.22
W0811,City,Finance,49,20,6.72,5,88.1136309733401,0.2240423537626166,76.04410032928165,126.0,2,13,0,74,Medium,39.85
W0812,Town,Education,59,27,7.99,5,66.95413356537449,0.3400021716220953,35.243735891069456,74.0,13,6,1,68,Low,28.37
W0813,Town,Healthcare,52,20,6.88,1,67.54347114149536,0.3169171460687782,46.37973110484572,85.0,15,8,0,65,Low,29.41
W0814,Village,Education,48,19,6.91,3,70.00734968983788,0.3595366249405386,44.861766419465994,107.0,0,8,0,70,Low,26.42
W0816,City,Finance,46,2,5.45,3,60.97659817236814,0.3120209896182953,43.39156651763421,68.0,17,14,0,59,Low,27.28
W0818,Village,IT,54,34,6.9,4,70.47990605835078,0.3155686410610018,50.45322509714006,103.0,5,2,0,86,Low,29.12
W0820,Village,Healthcare,46,3,7.59,2,93.52877350504336,0.0143060682204707,98.49267355195406,227.0,9,1,0,62,High,49.51
W0821,City,Education,41,6,9.3,1,79.1698628770403,0.168387390553317,61.35292763328342,137.0,5,9,0,62,Medium,35.39
W0822,City,Healthcare,55,15,8.59,4,93.08566497588916,0.0991893483142645,80.77233211224502,181.0,11,11,0,81,High,45.36
W0823,Town,Finance,47,27,6.58,4,88.37137978631961,0.1289522478108548,76.77209944793452,172.0,3,10,0,94,Medium,41.25
W0825,Village,Retail,56,9,7.1,5,65.18994919852898,0.2776552357029541,42.849202055070016,60.0,16,0,1,95,Low,30.58
W0827,Village,Healthcare,50,32,7.83,4,83.77049397355678,0.1807119314311081,72.58153182852485,159.0,19,4,1,92,Medium,43.71
W0828,Town,Finance,30,6,5.27,1,96.59375187419494,0.0316747183257435,94.99505757394076,229.0,2,3,1,67,High,50.16
W0829,Town,Education,59,2,8.56,4,85.66900314815616,0.2458771723239614,60.7135653250636,133.0,11,0,0,85,Medium,37.64
W0831,Town,Healthcare,40,4,7.18,4,69.50286376928601,0.2846633383201853,44.76109991899592,69.0,11,2,1,59,Low,31.19
W0832,Town,Retail,32,1,7.15,4,63.74982888782479,0.3776886773049411,34.800683049869534,86.0,1,1,1,80,Low,24.54
W0836,Village,Finance,45,10,8.62,2,91.45110735481605,0.0492078186535646,87.87888529381169,206.0,10,10,0,62,High,46.6
W0837,Village,Education,55,15,8.09,5,97.77161196205594,0.0228987185300311,90.53284527050396,208.0,4,0,1,50,High,50.1
W0838,Village,Healthcare,43,22,10.33,2,69.1906012454223,0.2527685838309916,54.12475384894516,107.0,2,6,0,72,Low,29.5
W0842,City,IT,51,30,7.51,2,97.09895433381452,0.0047865598906107,88.15720051181827,219.0,6,4,1,56,High,50.0
W0843,Village,Finance,47,25,8.73,4,70.3564992634668,0.2878300075925369,37.5550059176431,76.0,13,9,1,85,Low,30.37
W0845,Village,Retail,49,1,7.22,1,88.99489875595621,0.174360069295369,74.6571697908658,150.0,18,0,1,64,Medium,45.55
W0846,Town,Education,47,4,8.32,1,77.83182454438843,0.132090067420157,60.11027160801588,134.0,10,5,0,89,Medium,36.11
W0847,Village,Retail,54,7,6.34,5,86.28897393111026,0.1246221610838503,68.40768014525536,165.0,1,12,0,52,Medium,38.59
W0848,City,Finance,42,9,6.77,3,88.42661595619971,0.175360419022019,77.42259623135155,130.0,7,8,0,78,Medium,41.71
W0849,City,Retail,56,19,6.1,2,65.05046843077292,0.3503996768054108,48.34520478084492,68.0,8,1,0,79,Low,27.31
W0850,City,Finance,55,1,8.91,3,90.08814833294473,0.0716127640476737,86.8887657685702,188.0,2,6,1,88,High,46.17
W0851,Town,Finance,39,10,9.35,1,79.74510707911837,0.2229000628448291,62.483266821217946,172.0,1,5,1,67,Medium,36.46
W0852,City,Finance,32,9,5.6,5,62.7465284971317,0.3507187046950542,37.32050462895915,105.0,6,4,1,60,Low,26.02
W0855,City,Education,38,6,7.98,3,60.89475849328797,0.2748991691012687,38.72761601593606,62.0,19,5,0,87,Low,27.09
W0857,Town,Healthcare,32,10,5.64,4,92.56150885173749,0.0254609329295305,98.97727691789594,211.0,19,4,0,50,High,51.2
W0858,City,IT,51,27,8.88,4,87.45629468696279,0.205045953082571,63.832299289989486,139.0,5,12,1,78,Medium,40.01
W0860,City,Education,48,25,5.73,4,76.8000816511563,0.204619190084009,69.61838968572673,123.0,17,4,0,77,Medium,38.37
W0861,Town,Retail,56,28,8.93,1,79.80221667100835,0.127637421174165,62.02250418782905,138.0,1,6,1,80,Medium,37.33
W0862,Village,Education,54,15,5.58,4,63.20519270595224,0.2682434336020141,40.53838190353167,112.0,5,8,1,68,Low,27.43
W0863,Village,Finance,41,4,7.24,2,95.48951741357828,0.0796656734991143,80.87531694396637,186.0,8,9,0,52,High,45.7
W0865,Village,Education,55,9,9.44,5,65.6236679598626,0.3698610129229294,45.15822067451273,64.0,0,6,1,92,Low,27.05
W0867,City,Education,56,26,7.18,1,96.7504662228992,0.0979103394252273,94.239059761311,220.0,18,0,0,82,High,50.59
W0868,Village,Healthcare,49,19,5.86,5,98.57327823533552,0.0104472985815936,88.9859164179251,208.0,4,13,1,90,High,50.15
W0871,Village,Retail,41,20,6.58,3,91.08145942337198,0.0506501201036925,81.71621543418878,236.0,11,0,1,75,High,47.46
W0875,Village,Education,24,5,7.37,1,94.49725410592106,0.0543762455918655,82.00463756352572,183.0,11,7,0,69,High,46.48
W0877,City,IT,46,11,7.22,5,68.40283565929613,0.3270479007731994,50.14171724708095,78.0,1,12,0,82,Low,27.51
W0878,Town,Healthcare,59,3,7.45,1,69.02774034428275,0.2851673273212059,51.21663038668719,117.0,6,11,1,54,Low,31.35
W0880,Town,Finance,42,11,7.48,2,94.81539447696576,0.0531391793138437,86.05495140942465,189.0,14,7,1,63,High,50.0
W0881,Village,Education,56,16,8.02,4,63.02313485628189,0.2691780726863043,39.05977103270932,83.0,2,2,0,76,Low,24.46
W0883,City,Education,57,30,6.67,4,83.52261655181374,0.1617673041228662,69.00236026424264,159.0,4,2,1,63,Medium,40.11
W0884,City,Retail,33,10,8.6,4,73.0119604303712,0.2730427830256526,35.220523306473396,72.0,7,0,1,89,Low,29.65
W0885,Town,Retail,38,18,7.69,5,84.11847856116735,0.1303693275458247,76.91218758988637,137.0,0,1,1,53,Medium,41.37
W0887,City,IT,56,13,9.22,2,83.52911727877097,0.1412362506223361,73.61915661728804,149.0,17,5,1,68,Medium,43.83
W0888,Town,Finance,34,3,5.77,1,84.4994397502209,0.1015110492989847,69.13935681620877,139.0,19,11,0,96,Medium,42.02
W0889,City,Retail,36,10,6.47,2,92.14753665825084,0.0834473743462628,88.4058052010851,217.0,15,9,1,53,High,49.58
W0890,Town,IT,39,1,8.48,1,63.221202717880026,0.2883971138264496,30.92852354626408,62.0,17,1,0,79,Low,25.69
W0891,City,Finance,54,27,5.5,3,62.9244444980078,0.3662719116592892,42.5593259044618,66.0,19,5,0,68,Low,27.55
W0892,City,Education,27,8,9.2,3,75.7851223696914,0.1887145238348516,76.30787936963391,155.0,11,13,1,80,Medium,40.37
W0893,City,IT,48,17,7.09,3,90.2027997376742,0.0622315356454264,93.2335012143506,190.0,12,0,0,80,High,47.56
W0894,Town,Healthcare,44,9,8.19,2,73.52392292380448,0.3867659922758049,57.52594464812128,70.0,12,10,1,58,Low,34.12
W0895,Town,IT,48,6,7.36,2,75.8138730743756,0.2393674529036988,64.22789983937149,130.0,9,12,0,62,Medium,35.05
W0896,Town,IT,55,25,5.83,1,93.50071312274952,0.0260555965986448,90.93832585564442,199.0,6,0,0,63,High,47.26
W0897,City,Finance,59,28,8.77,4,76.13185522300556,0.2312399986525973,76.31627392462694,178.0,13,4,1,95,Medium,40.46
W0899,Town,Healthcare,57,9,6.88,3,64.41078357046116,0.3285508599998478,44.07579876493196,70.0,14,12,1,97,Low,29.68
W0901,Village,Retail,56,21,4.32,4,69.20491921978919,0.2791928881486847,41.330805825384104,81.0,8,8,1,86,Low,29.87
W0902,City,IT,40,2,9.12,2,94.11555746545028,0.0158757915112083,98.45362868013224,237.0,7,13,0,72,High,49.27
W0903,Town,Finance,51,15,8.59,1,81.27380179251223,0.2406288980139374,73.99647796915701,147.0,17,7,0,76,Medium,40.24
W0905,Village,Retail,41,18,5.02,3,98.78697583826076,0.0356888662280401,85.9977148011161,219.0,12,14,1,75,High,50.97
W0907,Town,Education,45,22,8.27,1,69.4975040496827,0.3490798623154729,47.82464174911169,68.0,14,14,0,94,Low,29.75
W0908,Village,Healthcare,35,11,8.39,4,77.44924419167441,0.1894578127604844,75.87815915666116,127.0,3,0,0,62,Medium,37.17
W0909,Town,Education,47,13,6.39,2,87.97390506074727,0.204798547012186,64.88636558446412,125.0,16,13,1,99,Medium,42.57
W0910,Village,Retail,59,4,8.1,1,68.23347277538797,0.3876276952824355,45.84915127714011,78.0,4,2,0,68,Low,26.6
W0911,Village,Education,44,22,7.69,5,64.40699873203741,0.2578523150214403,57.51102857349038,102.0,15,14,1,50,Low,33.29
W0912,City,Finance,43,7,7.06,3,98.69690201259546,0.0675891888708293,99.87270896985883,222.0,8,13,0,89,High,50.6
W0914,Town,IT,24,4,6.05,4,66.52824185974657,0.3790977831081425,45.13287352354862,88.0,17,11,0,71,Low,28.63
W0917,Village,Healthcare,49,1,9.64,1,94.60326984777834,0.0566466605979634,82.98769093542455,236.0,6,10,1,51,High,47.71
W0918,City,Finance,41,3,6.29,2,61.30835477736429,0.3560229167515216,44.18941456760911,60.0,3,0,1,89,Low,26.3
W0920,Village,IT,35,1,7.57,2,61.31837577546132,0.2900994322544015,48.2832906200303,103.0,15,0,1,97,Low,30.19
W0923,Town,IT,35,5,5.96,4,69.98239483204735,0.2560417244103082,41.20605129308686,74.0,13,6,1,92,Low,31.31
W0924,Town,Healthcare,59,10,7.46,5,91.68385298303056,0.0767495833509307,94.98893575867731,211.0,14,3,1,57,High,50.62
W0925,Village,Retail,57,28,7.67,4,84.16470094115877,0.2203433224545531,78.7758663618125,129.0,16,10,1,71,Medium,44.05
W0927,Town,Finance,51,7,7.98,2,70.0470382087984,0.3632468099723744,32.58029054021081,97.0,16,8,0,60,Low,27.14
W0928,City,Retail,30,3,5.88,5,70.08935014444195,0.2572825640813295,48.884576936374955,109.0,10,1,0,57,Low,30.28
W0929,Town,IT,54,20,7.11,4,75.68777651448593,0.1502115297699043,69.6764908229186,146.0,16,9,1,58,Medium,40.4
W0930,Town,IT,46,19,6.6,4,82.7284532617579,0.1536064605171943,78.3538811057582,121.0,13,9,0,75,Medium,41.6
W0931,Village,Finance,35,4,7.11,5,60.63770218351493,0.2950340667312079,45.40217325378051,95.0,19,10,1,51,Low,30.16
W0932,Village,Finance,32,5,9.24,5,95.47811584724802,0.0743299172306979,84.33886450814671,223.0,18,11,1,65,High,50.46
W0933,Village,Finance,56,1,9.26,1,77.18286510269039,0.1662772130760785,69.62105699436898,164.0,6,5,1,80,Medium,38.68
W0934,Village,Healthcare,35,4,9.02,2,97.18441474735542,0.0392029534803591,98.0985903396363,213.0,12,3,0,55,High,50.87
W0935,Village,Retail,51,12,6.95,5,76.47338657308714,0.2153425700739094,73.08391874360497,126.0,17,7,0,70,Medium,38.86
W0938,Village,Education,49,25,7.55,5,85.2388313325938,0.2483999930242413,65.17840530996756,139.0,6,6,0,77,Medium,37.38
W0941,Town,Finance,43,25,9.14,4,72.56869008526863,0.3279164526331648,43.53751627411768,92.0,8,9,1,73,Low,30.84
W0943,Town,Retail,50,32,7.3,4,86.41992978002902,0.160489063183373,77.77536525072355,164.0,16,12,0,93,Medium,43.14
W0944,Village,IT,51,5,7.55,3,81.15024581259196,0.2119123234859339,63.89122897384417,170.0,18,4,0,86,Medium,38.68
W0946,Village,Retail,56,33,6.87,4,86.69749701775433,0.1598712491640927,68.51090592636612,125.0,2,0,0,80,Medium,38.56
W0948,Village,Healthcare,42,9,6.39,4,84.50429525346836,0.1844797138672241,63.08236185083344,121.0,1,1,1,99,Medium,38.37
W0949,City,Retail,42,6,7.97,5,92.55984953790778,0.0660647889138567,87.29083940177773,202.0,19,5,1,90,High,50.45
W0951,Village,IT,41,5,6.84,3,75.28304528206917,0.2006140032567301,68.91636328428459,163.0,9,7,0,74,Medium,36.23
W0952,City,Healthcare,58,23,9.99,2,60.19919513220832,0.3673135021935415,53.55658560728095,75.0,9,8,0,93,Low,26.93
W0954,Village,Education,54,12,9.34,5,96.21384608073828,0.0178484074347084,95.1376721530607,229.0,15,14,0,91,High,50.81
W0957,Town,Education,25,3,9.04,1,67.47539165708908,0.2592520444379643,36.05363058956025,107.0,6,2,0,61,Low,26.11
W0958,City,Healthcare,56,30,8.26,5,68.7630625158819,0.3125273859240103,48.05208062248066,114.0,15,7,0,58,Low,30.16
W0960,City,Education,55,9,9.46,2,65.21240730883972,0.2920079808424834,37.93731825516928,68.0,15,12,1,90,Low,29.26
W0962,Town,Education,53,23,7.28,2,95.6906699824209,0.038258882367092,86.51660039874788,198.0,11,5,1,87,High,49.91
W0965,City,Healthcare,44,23,8.79,3,96.21629578043212,0.0128229947303774,85.30361750260646,215.0,17,0,1,95,High,51.29
W0968,Village,Finance,36,2,9.49,4,99.8797532097737,0.000808467653001,88.74978881726265,235.0,15,3,0,67,High,50.8
W0969,Town,Retail,40,6,7.29,1,78.19663171230634,0.1037213995063848,67.29170467675685,172.0,16,9,1,55,Medium,41.15
W0970,Town,Finance,47,18,8.12,5,62.52834691066613,0.2557650089202045,37.97657898273451,82.0,8,11,1,67,Low,27.43
W0971,Village,Education,50,30,8.39,5,64.11446116479044,0.2585352220746432,31.522273334637863,109.0,5,5,0,65,Low,24.0
W0972,City,Education,43,22,6.03,1,81.01186301593155,0.1661931704199915,61.246931911379065,169.0,19,10,0,64,Medium,38.76
W0974,Town,Education,59,30,6.3,1,94.2358582687908,0.0702627106323652,98.85544002210554,208.0,8,9,1,57,High,51.03
W0975,City,Retail,41,17,6.86,5,83.91058991970135,0.1590826952412425,65.6692297576679,120.0,5,1,0,62,Medium,37.77
W0976,City,IT,50,32,8.36,2,91.10586343963956,0.0627732735562265,83.73492569194654,226.0,2,6,1,92,High,45.95
W0978,Town,Retail,28,10,7.46,4,75.27045764948076,0.1753018936599625,71.17784761823123,138.0,5,10,1,66,Medium,38.12
W0980,Village,IT,49,9,8.97,3,93.51143690556812,0.0361099640626466,97.0442841344596,228.0,0,3,1,81,High,49.2
W0982,City,Healthcare,43,11,9.33,4,93.28509054337864,0.0952451263146385,80.4975176402921,211.0,4,0,1,62,High,46.02
W0983,Town,Education,33,14,7.57,2,98.29195141015938,0.0399832459350205,80.68089012400529,187.0,5,12,0,96,High,46.3
W0985,City,Education,43,15,7.29,5,83.31316443181596,0.131207432233765,66.15316684458305,156.0,1,8,1,78,Medium,39.18
W0987,City,Education,45,24,8.21,5,85.68284845268259,0.199653092898908,64.67092841592984,146.0,14,7,1,50,Medium,41.5
W0988,Town,IT,55,8,7.19,3,64.20042672833695,0.2922479514526696,47.522945799632126,94.0,12,7,0,78,Low,28.28
W0989,City,Finance,48,9,7.7,1,70.71767695739042,0.2603700003726234,34.273567662492425,105.0,13,8,0,97,Low,28.11
W0992,Village,Finance,44,19,6.33,4,69.89968859522133,0.338150357720989,39.22024056149786,99.0,9,12,0,59,Low,27.27
W0993,Town,IT,59,3,8.5,2,92.23938433309696,0.0853145316558591,85.08070796895016,220.0,16,8,0,68,High,47.13
W0995,Town,Healthcare,43,1,7.12,1,94.32851106795673,0.0197670936874268,90.9696717149825,229.0,7,11,0,56,High,47.79
W0998,Village,IT,38,13,7.13,5,97.36685875869364,0.0297317709512046,81.17125421040957,206.0,12,14,0,94,High,47.63
W0999,Village,Education,33,1,7.75,4,99.44835453020735,0.0779608642542465,92.042036602547,194.0,19,2,0,62,High,51.34
